Diagnosis,absolute_frequency,relative_frequency
B,357,0.6274165202108963
M,212,0.37258347978910367
