AnyHealthcare,absolute_frequency,relative_frequency
1,241263,0.9510525070955534
0,12417,0.04894749290444655
