DiffWalk,absolute_frequency,relative_frequency
0,211005,0.8317762535477767
1,42675,0.16822374645222327
