Education,absolute_frequency,relative_frequency
6,107325,0.42307237464522235
5,69910,0.2755834121728161
4,62750,0.24735887732576475
3,9478,0.03736203090507726
2,4043,0.015937401450646482
1,174,0.0006859035004730369
