CholCheck,absolute_frequency,relative_frequency
1,244210,0.9626695048880479
0,9470,0.037330495111952064
