Age,absolute_frequency,relative_frequency
9,33244,0.13104698833175654
10,32194,0.12690791548407443
8,30832,0.12153894670450961
7,26314,0.10372910753705455
11,23533,0.09276647745190791
6,19819,0.07812598549353517
13,17363,0.06844449700409966
5,16157,0.06369047619047619
12,15980,0.06299274676758121
4,13823,0.054489908546199936
3,11123,0.04384657836644592
2,7598,0.029951119520655944
1,5700,0.022469252601702933
