HvyAlcoholConsump,absolute_frequency,relative_frequency
0,239424,0.9438032166508987
1,14256,0.05619678334910123
