GenHlth,absolute_frequency,relative_frequency
2,89084,0.3511668243456323
3,75646,0.29819457584358244
1,45299,0.1785674865972879
4,31570,0.12444812362030905
5,12081,0.04762298959318827
