HeartDiseaseorAttack,absolute_frequency,relative_frequency
0,229787,0.9058144118574583
1,23893,0.09418558814254178
