Fruits,absolute_frequency,relative_frequency
1,160898,0.6342557552822453
0,92782,0.36574424471775463
