HighChol,absolute_frequency,relative_frequency
0,146089,0.5758790602333649
1,107591,0.4241209397666351
