Smoker,absolute_frequency,relative_frequency
0,141257,0.5568314411857458
1,112423,0.44316855881425415
