Veggies,absolute_frequency,relative_frequency
1,205841,0.811419899085462
0,47839,0.188580100914538
