variable,mean_raw,mean_cleaned,std_raw,std_cleaned,iqr_raw,iqr_cleaned,min_raw,min_cleaned,max_raw,max_cleaned
BMI,28.382363607694735,28.107247319457585,6.608694201406008,5.562153777899174,7.0,7.0,12,13.5,98,41.5
GenHlth,2.5113923052664773,2.5113923052664773,1.0684773622803934,1.0684773622803934,1.0,1.0,1,1.0,5,5.0
MentHlth,3.1847721538946705,1.1752404604225797,7.412846696196173,1.9537990940232597,2.0,2.0,0,0.0,30,5.0
PhysHlth,4.2420805739514345,1.8509243929359824,8.717951307175127,2.8872052970932636,3.0,3.0,0,0.0,30,7.5
Age,8.032119205298013,8.032119205298013,3.0542204341684838,3.0542204341684838,4.0,4.0,1,1.0,13,13.0
Education,5.050433617155472,5.050433617155472,0.9857741757276509,0.9857741757276509,2.0,2.0,1,1.0,6,6.0
Income,6.053874960580258,6.053874960580258,2.0711475662715184,2.0711475662715184,3.0,3.0,1,1.0,8,8.0
