Diabetes_binary,absolute_frequency,relative_frequency
0,218334,0.8606669820245979
1,35346,0.13933301797540207
