Stroke,absolute_frequency,relative_frequency
0,243388,0.959429202144434
1,10292,0.04057079785556607
