Income,absolute_frequency,relative_frequency
8,90385,0.3562953327026175
7,43219,0.17036818038473667
6,36470,0.1437637969094923
5,25883,0.10203011668243456
4,20135,0.07937164932198044
3,15994,0.0630479344055503
2,11783,0.046448281299274675
1,9811,0.03867470829391359
