PhysActivity,absolute_frequency,relative_frequency
1,191920,0.7565436770734784
0,61760,0.2434563229265216
