Sex,absolute_frequency,relative_frequency
0,141974,0.5596578366445916
1,111706,0.4403421633554084
