HighBP,absolute_frequency,relative_frequency
0,144851,0.5709988962472407
1,108829,0.4290011037527594
