NoDocbcCost,absolute_frequency,relative_frequency
0,232326,0.9158230842005677
1,21354,0.08417691579943236
