count,mean,std,min,25%,50%,75%,max,iqr
9958.0,51.863828077927295,16.968613692495364,0.0,40.0,50.0,65.0,85.0,25.0
