dx_type,absolute_frequency,relative_frequency
histo,5340,0.5332001997004493
follow_up,3704,0.36984523215177234
consensus,902,0.09006490264603095
confocal,69,0.0068896655017473786
