sex,absolute_frequency,relative_frequency
male,5406,0.5397903145282077
female,4552,0.454518222666001
unknown,57,0.0056914628057913134
