variable,count,mean,median,min,max,range,variance,std,cv,p25,p75,iqr
width,1000,600.0,600.0,600.0,600.0,0.0,0.0,0.0,0.0,600.0,600.0,0.0
height,1000,450.0,450.0,450.0,450.0,0.0,0.0,0.0,0.0,450.0,450.0,0.0
mean_intensity,1000,156.7301751148148,156.9282074074074,93.87816666666669,215.91285555555555,122.03468888888887,358.56804133077105,18.935892937244102,0.12081842519076086,144.41010925925926,169.46095555555556,25.0508462962963
std_intensity,1000,27.967244662708456,25.834921186928575,6.463418029585543,73.23462150017285,66.77120347058731,129.3331658172502,11.372474041177242,0.4066354829848972,19.812040448523014,33.975701158127364,14.16366070960435
age,990,53.08080808080808,50.0,0.0,85.0,85.0,280.6911378701065,16.753839496369377,0.31562894579268663,40.0,65.0,25.0
