dx,absolute_frequency,relative_frequency
nv,6705,0.6694957563654518
mel,1113,0.11113330004992511
bkl,1099,0.10973539690464304
bcc,514,0.05132301547678482
akiec,327,0.032651023464802795
vasc,142,0.014178731902146779
df,115,0.011482775836245632
