activity,count,percent
LAYING,1944,18.87561899213516
STANDING,1906,18.506651131177783
SITTING,1777,17.25410234003301
WALKING,1722,16.720069909699973
WALKING_UPSTAIRS,1544,14.991746771531217
WALKING_DOWNSTAIRS,1406,13.651810855422857
