feature,count,mean,median,min,max,range,variance,std,cv,p25,p75,iqr
f001_tBodyAcc-mean()-X,3000.0,0.273333729677,0.27705615,-1.0,0.6315101,1.6315100999999999,0.005994151004628121,0.077421902615656,0.2832504525041454,0.26001671,0.2902655825,0.030248872500000024
f004_tBodyAcc-std()-X,3000.0,-0.5795977945208163,-0.88143775,-1.0,0.57915343,1.5791534299999999,0.19787291223830647,0.4448290820509676,-0.7674789073666697,-0.9914184525,-0.23473325,0.7566852025
f121_tBodyGyro-mean()-X,3000.0,-0.02800147198608,-0.027886487,-0.82390857,0.73895313,1.5628617,0.03483144956548167,0.186631855709259,-6.665073029090643,-0.0465146547499999,-0.0069521703,0.0395624844499999
