feature,count,mean,std,min,25%,50%,75%,max
f001_tBodyAcc-mean()-X,3000.0,0.273333729677,0.07742190261565603,-1.0,0.26001671000000004,0.27705615,0.2902655825,0.6315101
f004_tBodyAcc-std()-X,3000.0,-0.5795977945208163,0.44482908205096766,-1.0,-0.9914184524999999,-0.88143775,-0.23473325,0.57915343
f121_tBodyGyro-mean()-X,3000.0,-0.028001471986080002,0.18663185570925903,-0.82390857,-0.046514654749999995,-0.027886487,-0.0069521703,0.73895313
