restecg,absolute_frequency,relative_frequency
0.0,151,0.49834983498349833
2.0,148,0.4884488448844885
1.0,4,0.013201320132013201
