cp,absolute_frequency,relative_frequency
4.0,144,0.4752475247524752
3.0,86,0.2838283828382838
2.0,50,0.16501650165016502
1.0,23,0.07590759075907591
