thal,absolute_frequency,relative_frequency
3.0,166,0.5478547854785478
7.0,117,0.38613861386138615
6.0,18,0.0594059405940594
,2,0.006600660066006601
