num,absolute_frequency,relative_frequency
0,164,0.5412541254125413
1,55,0.18151815181518152
2,36,0.1188118811881188
3,35,0.11551155115511551
4,13,0.0429042904290429
