slope,absolute_frequency,relative_frequency
1.0,142,0.46864686468646866
2.0,140,0.46204620462046203
3.0,21,0.06930693069306931
