variable,mean_raw,mean_cleaned,std_raw,std_cleaned,iqr_raw,iqr_cleaned,min_raw,min_cleaned,max_raw,max_cleaned
age,54.43894389438944,54.43894389438944,9.038662442446746,9.038662442446746,13.0,13.0,29.0,29.0,77.0,77.0
trestbps,131.68976897689768,131.34653465346534,17.59974772958769,16.648748919982438,20.0,20.0,94.0,94.0,200.0,170.0
chol,246.69306930693068,245.58415841584159,51.77691754263704,47.558803056986534,64.0,64.0,126.0,126.0,564.0,371.0
thalach,149.6072607260726,149.65264026402642,22.875003276980376,22.731735473599123,32.5,32.5,71.0,84.75,202.0,202.0
oldpeak,1.0396039603960396,1.0244224422442243,1.1610750220686348,1.1101268854263162,1.6,1.6,0.0,0.0,6.2,4.0
ca,0.6722408026755853,0.6303630363036303,0.9374383177242163,0.8566078566567753,1.0,1.0,0.0,0.0,3.0,2.5
