sex,absolute_frequency,relative_frequency
1.0,206,0.6798679867986799
0.0,97,0.3201320132013201
