fbs,absolute_frequency,relative_frequency
0.0,258,0.8514851485148515
1.0,45,0.1485148514851485
