exang,absolute_frequency,relative_frequency
0.0,204,0.6732673267326733
1.0,99,0.32673267326732675
