sensor,count,mean,median,min,max,range,variance,std,cv,p25,p75,iqr
sensor_01,400000.0,-8.343791962541136,-9.443,-22.08,12.461,34.541,12.32803734102256,3.5111304933059038,-0.4208075308048038,-9.7709,-8.273,1.4978999999999996
sensor_02,400000.0,-0.3792906684782545,-0.48016,-17.09,17.374,34.464,3.5160615466583,1.8751164088286092,-4.943745166079965,-1.3186,0.49374,1.81234
sensor_03,400000.0,-0.2722138302622874,-0.3849,-16.571,24.084,40.655,12.912831326909929,3.5934428236594957,-13.200809158730436,-1.861125,1.048,2.909125
sensor_10,400000.0,-0.5407827617087501,-0.68293,-3.0919,1.7186,4.810499999999999,0.20368706278108625,0.4513170313439171,-0.8345625328696837,-0.80675,-0.44841,0.35834
sensor_11,400000.0,-0.0993715610779999,-0.041257,-2.554,1.9823,4.5363,0.3234442219951556,0.5687215680762913,-5.723182386456459,-0.5442,0.36739,0.91159
sensor_12,400000.0,0.371910290246315,0.18505,-242.12,278.98,521.1,2102.4311877411933,45.85227570951297,123.28853734900736,-6.838825,1.0637,7.902525
