sensor,count,mean,std,min,25%,50%,75%,max
sensor_01,400000.0,-8.343791962541136,3.5111304933059033,-22.08,-9.7709,-9.443,-8.273,12.461
sensor_02,400000.0,-0.37929066847825454,1.8751164088286094,-17.09,-1.3186,-0.48016,0.49374,17.374
sensor_03,400000.0,-0.27221383026228746,3.5934428236594953,-16.571,-1.861125,-0.3849,1.048,24.084
sensor_10,400000.0,-0.5407827617087501,0.4513170313439171,-3.0919,-0.80675,-0.68293,-0.44841,1.7186
sensor_11,400000.0,-0.09937156107799999,0.5687215680762913,-2.554,-0.5442,-0.041257,0.36739,1.9823
sensor_12,400000.0,0.371910290246315,45.85227570951297,-242.12,-6.838825,0.18505,1.0637,278.98
