activity,count,percent
NULL,282379,70.59474999999999
Standing still,24576,6.144
Sitting,21568,5.392
Lying,18496,4.6240000000000006
Walking,16960,4.24
Waist bends,13684,3.421
Climbing stairs,12288,3.072
Frontal arms,5031,1.25775
Knees bending,5018,1.2545000000000002
