variable,count,mean,median,min,max,range,variance,std,cv,p25,p75,iqr
word_count,21578,132.8646769858189,93.0,0,2381,2381,19517.10427106635,139.7036301284485,1.051473072435645,53.0,164.0,111.0
char_count,21578,762.0559366020947,534.0,0,9910,9910,671981.2773548001,819.7446415529656,1.0757014048182567,276.0,948.0,672.0
