Model,MAE,RMSE,MAPE_%
Linear Regression,15.260783521214323,21.455494766365746,18.987362751342474
"ARIMA(2,0,2)",27.386569235358028,33.81044696175447,34.7810209429072
XGBoost,14.501167653168379,21.113002315591874,17.696398561314023
